run_name,num_layers,hidden_size,num_heads,balanced_accuracy,roc_auc_weighted,mcc,f1_macro,f1_weighted,training_time_min
MH_Bi_LSTM_hs256_l3_h4,3,256,4,0.8508037730835658,0.9228293403300443,0.6989751465056602,0.867921206118631,0.9499322812257546,62.02841425736745
MH_Bi_LSTM_hs128_l2_h8,2,128,8,0.5540512488375182,0.9471601037989179,0.646649747426282,0.558267309064076,0.9412907502135319,24.398283060391744
MH_Bi_LSTM_hs256_l2_h4,2,256,4,0.7708291816128603,0.941879048223386,0.6174458077282976,0.8050312629721875,0.9369103551077398,44.0901078303655
MH_Bi_LSTM_hs128_l1_h8,1,128,8,0.4821517536867278,0.9431440893485952,0.5956190086726202,0.5138742534334066,0.9330822405120873,20.465340487162273
